subj,item1,item2,edge,
VERDURA,sedanorapa,topinambur,0,
VERDURA,sedanorapa,timo,0,
VERDURA,sedanorapa,zucchina,0,
VERDURA,sedanorapa,zucca,0,
VERDURA,sedanorapa,verza,0,
VERDURA,sedanorapa,spinacio,0,
VERDURA,cavolfiore,sedanorapa,0,
VERDURA,cavolfiore,rucola,0,
VERDURA,cavolfiore,cicoria,1,
VERDURA,cavolfiore,cavoloriccio,0,
VERDURA,cavolfiore,radicchio,1,
VERDURA,cavolfiore,cipollarossa,0,
VERDURA,cavolfiore,peperone,0,
VERDURA,cavolfiore,cipollabianca,0,
VERDURA,cavolfiore,cipollotto,0,
VERDURA,cavolfiore,ravanello,0,
VERDURA,cavolfiore,cetriolo,0,
VERDURA,cavolfiore,cavolocappuccio,1,
VERDURA,cavolfiore,topinambur,0,
VERDURA,cavolfiore,cavolorapa,0,
VERDURA,cavolfiore,fava,0,
VERDURA,cavolfiore,menta,0,
VERDURA,cavolfiore,pomodorociliegino,0,
VERDURA,cavolfiore,cavolo,1,
VERDURA,cavolfiore,sedano,1,
VERDURA,cavolfiore,timo,0,
VERDURA,cavolfiore,pisello,0,
VERDURA,cavolfiore,rosmarino,0,
VERDURA,cavolfiore,salvia,0,
VERDURA,cavolfiore,zucchina,0,
VERDURA,cavolfiore,lenticchia,0,
VERDURA,cavolfiore,lattuga,1,
VERDURA,cavolfiore,zucca,0,
VERDURA,cavolfiore,cimedirapa,0,
VERDURA,cavolfiore,scarola,0,
VERDURA,cavolfiore,cavoloverza,0,
VERDURA,cavolfiore,finocchio,1,
VERDURA,cavolfiore,rapa,1,
VERDURA,cavolfiore,cipolla,1,
VERDURA,cavolfiore,peperonegiallo,0,
VERDURA,cavolfiore,pomodoro,1,
VERDURA,cavolfiore,verza,1,
VERDURA,cavolfiore,patatarossa,0,
VERDURA,cavolfiore,porro,0,
VERDURA,cavolfiore,scalogno,0,
VERDURA,cavolfiore,edamame,0,
VERDURA,cavolfiore,cavolonero,0,
VERDURA,cavolfiore,spinacio,0,
VERDURA,cavolfiore,patata,0,
VERDURA,cavolfiore,indivia,0,
VERDURA,cavolfiore,erbacipollina,0,
VERDURA,cavolfiore,origano,0,
VERDURA,cavolfiore,cavolfioreverde,0,
VERDURA,cavolfiore,melanzana,0,
VERDURA,rucola,sedanorapa,0,
VERDURA,rucola,topinambur,0,
VERDURA,rucola,sedano,1,
VERDURA,rucola,timo,0,
VERDURA,rucola,salvia,0,
VERDURA,rucola,zucchina,1,
VERDURA,rucola,zucca,0,
VERDURA,rucola,scarola,1,
VERDURA,rucola,verza,1,
VERDURA,rucola,scalogno,0,
VERDURA,rucola,spinacio,0,
VERDURA,cicoria,sedanorapa,1,
VERDURA,cicoria,rucola,0,
VERDURA,cicoria,radicchio,0,
VERDURA,cicoria,cipollarossa,0,
VERDURA,cicoria,peperone,0,
VERDURA,cicoria,cipollabianca,0,
VERDURA,cicoria,cipollotto,0,
VERDURA,cicoria,ravanello,0,
VERDURA,cicoria,topinambur,0,
VERDURA,cicoria,fava,0,
VERDURA,cicoria,menta,0,
VERDURA,cicoria,pomodorociliegino,0,
VERDURA,cicoria,sedano,1,
VERDURA,cicoria,timo,0,
VERDURA,cicoria,pisello,0,
VERDURA,cicoria,rosmarino,0,
VERDURA,cicoria,salvia,0,
VERDURA,cicoria,zucchina,0,
VERDURA,cicoria,lenticchia,0,
VERDURA,cicoria,lattuga,0,
VERDURA,cicoria,zucca,0,
VERDURA,cicoria,cimedirapa,1,
VERDURA,cicoria,scarola,1,
VERDURA,cicoria,finocchio,1,
VERDURA,cicoria,rapa,1,
VERDURA,cicoria,cipolla,1,
VERDURA,cicoria,peperonegiallo,0,
VERDURA,cicoria,pomodoro,1,
VERDURA,cicoria,verza,1,
VERDURA,cicoria,patatarossa,0,
VERDURA,cicoria,porro,1,
VERDURA,cicoria,scalogno,0,
VERDURA,cicoria,edamame,0,
VERDURA,cicoria,spinacio,0,
VERDURA,cicoria,patata,0,
VERDURA,cicoria,indivia,0,
VERDURA,cicoria,erbacipollina,0,
VERDURA,cicoria,origano,0,
VERDURA,cicoria,melanzana,0,
VERDURA,cavoloriccio,sedanorapa,0,
VERDURA,cavoloriccio,rucola,0,
VERDURA,cavoloriccio,cicoria,0,
VERDURA,cavoloriccio,radicchio,0,
VERDURA,cavoloriccio,cipollarossa,0,
VERDURA,cavoloriccio,peperone,0,
VERDURA,cavoloriccio,cipollabianca,0,
VERDURA,cavoloriccio,cipollotto,0,
VERDURA,cavoloriccio,ravanello,0,
VERDURA,cavoloriccio,cetriolo,0,
VERDURA,cavoloriccio,topinambur,0,
VERDURA,cavoloriccio,fava,0,
VERDURA,cavoloriccio,menta,0,
VERDURA,cavoloriccio,pomodorociliegino,0,
VERDURA,cavoloriccio,sedano,0,
VERDURA,cavoloriccio,timo,0,
VERDURA,cavoloriccio,pisello,0,
VERDURA,cavoloriccio,rosmarino,0,
VERDURA,cavoloriccio,salvia,0,
VERDURA,cavoloriccio,zucchina,0,
VERDURA,cavoloriccio,lenticchia,0,
VERDURA,cavoloriccio,lattuga,0,
VERDURA,cavoloriccio,zucca,0,
VERDURA,cavoloriccio,cimedirapa,0,
VERDURA,cavoloriccio,scarola,0,
VERDURA,cavoloriccio,cavoloverza,0,
VERDURA,cavoloriccio,finocchio,0,
VERDURA,cavoloriccio,rapa,0,
VERDURA,cavoloriccio,cipolla,0,
VERDURA,cavoloriccio,peperonegiallo,0,
VERDURA,cavoloriccio,pomodoro,0,
VERDURA,cavoloriccio,verza,0,
VERDURA,cavoloriccio,patatarossa,0,
VERDURA,cavoloriccio,porro,0,
VERDURA,cavoloriccio,scalogno,0,
VERDURA,cavoloriccio,edamame,0,
VERDURA,cavoloriccio,spinacio,0,
VERDURA,cavoloriccio,patata,0,
VERDURA,cavoloriccio,indivia,0,
VERDURA,cavoloriccio,erbacipollina,0,
VERDURA,cavoloriccio,origano,0,
VERDURA,cavoloriccio,melanzana,0,
VERDURA,barbabietola,sedanorapa,0,
VERDURA,barbabietola,cavolfiore,1,
VERDURA,barbabietola,rucola,0,
VERDURA,barbabietola,cicoria,1,
VERDURA,barbabietola,cavoloriccio,0,
VERDURA,barbabietola,radicchio,0,
VERDURA,barbabietola,cipollarossa,0,
VERDURA,barbabietola,cavolettidibruxelles,0,
VERDURA,barbabietola,bietola,0,
VERDURA,barbabietola,peperone,0,
VERDURA,barbabietola,cipollabianca,0,
VERDURA,barbabietola,cipollotto,0,
VERDURA,barbabietola,ravanello,0,
VERDURA,barbabietola,broccolo,0,
VERDURA,barbabietola,cardo,0,
VERDURA,barbabietola,carciofo,0,
VERDURA,barbabietola,cetriolo,0,
VERDURA,barbabietola,cavolocappuccio,0,
VERDURA,barbabietola,topinambur,0,
VERDURA,barbabietola,cavolorapa,0,
VERDURA,barbabietola,fava,0,
VERDURA,barbabietola,basilico,0,
VERDURA,barbabietola,menta,0,
VERDURA,barbabietola,pomodorociliegino,0,
VERDURA,barbabietola,cavolo,1,
VERDURA,barbabietola,sedano,1,
VERDURA,barbabietola,timo,0,
VERDURA,barbabietola,pisello,0,
VERDURA,barbabietola,carota,0,
VERDURA,barbabietola,rosmarino,0,
VERDURA,barbabietola,salvia,0,
VERDURA,barbabietola,zucchina,0,
VERDURA,barbabietola,lenticchia,0,
VERDURA,barbabietola,lattuga,1,
VERDURA,barbabietola,zucca,0,
VERDURA,barbabietola,cimedirapa,0,
VERDURA,barbabietola,scarola,0,
VERDURA,barbabietola,cavoloverza,0,
VERDURA,barbabietola,finocchio,0,
VERDURA,barbabietola,rapa,0,
VERDURA,barbabietola,cipolla,0,
VERDURA,barbabietola,peperonegiallo,0,
VERDURA,barbabietola,pomodoro,0,
VERDURA,barbabietola,verza,1,
VERDURA,barbabietola,patatarossa,0,
VERDURA,barbabietola,porro,0,
VERDURA,barbabietola,scalogno,0,
VERDURA,barbabietola,edamame,0,
VERDURA,barbabietola,cavolonero,0,
VERDURA,barbabietola,spinacio,0,
VERDURA,barbabietola,patata,0,
VERDURA,barbabietola,indivia,0,
VERDURA,barbabietola,erbacipollina,0,
VERDURA,barbabietola,origano,0,
VERDURA,barbabietola,cavolfioreverde,0,
VERDURA,barbabietola,melanzana,0,
VERDURA,radicchio,sedanorapa,0,
VERDURA,radicchio,rucola,1,
VERDURA,radicchio,ravanello,0,
VERDURA,radicchio,topinambur,0,
VERDURA,radicchio,sedano,1,
VERDURA,radicchio,timo,0,
VERDURA,radicchio,rosmarino,0,
VERDURA,radicchio,salvia,0,
VERDURA,radicchio,zucchina,0,
VERDURA,radicchio,zucca,1,
VERDURA,radicchio,scarola,0,
VERDURA,radicchio,rapa,0,
VERDURA,radicchio,verza,1,
VERDURA,radicchio,scalogno,0,
VERDURA,radicchio,spinacio,0,
VERDURA,cipollarossa,sedanorapa,0,
VERDURA,cipollarossa,rucola,0,
VERDURA,cipollarossa,radicchio,1,
VERDURA,cipollarossa,peperone,0,
VERDURA,cipollarossa,cipollotto,0,
VERDURA,cipollarossa,ravanello,0,
VERDURA,cipollarossa,topinambur,0,
VERDURA,cipollarossa,fava,0,
VERDURA,cipollarossa,menta,0,
VERDURA,cipollarossa,pomodorociliegino,0,
VERDURA,cipollarossa,sedano,0,
VERDURA,cipollarossa,timo,0,
VERDURA,cipollarossa,pisello,0,
VERDURA,cipollarossa,rosmarino,0,
VERDURA,cipollarossa,salvia,0,
VERDURA,cipollarossa,zucchina,0,
VERDURA,cipollarossa,lenticchia,0,
VERDURA,cipollarossa,lattuga,0,
VERDURA,cipollarossa,zucca,0,
VERDURA,cipollarossa,scarola,0,
VERDURA,cipollarossa,finocchio,0,
VERDURA,cipollarossa,rapa,0,
VERDURA,cipollarossa,peperonegiallo,0,
VERDURA,cipollarossa,pomodoro,0,
VERDURA,cipollarossa,verza,0,
VERDURA,cipollarossa,patatarossa,0,
VERDURA,cipollarossa,porro,0,
VERDURA,cipollarossa,scalogno,0,
VERDURA,cipollarossa,edamame,0,
VERDURA,cipollarossa,spinacio,0,
VERDURA,cipollarossa,patata,0,
VERDURA,cipollarossa,indivia,0,
VERDURA,cipollarossa,erbacipollina,0,
VERDURA,cipollarossa,origano,0,
VERDURA,cipollarossa,melanzana,0,
VERDURA,cavolettidibruxelles,sedanorapa,0,
VERDURA,cavolettidibruxelles,cavolfiore,0,
VERDURA,cavolettidibruxelles,rucola,0,
VERDURA,cavolettidibruxelles,cicoria,0,
VERDURA,cavolettidibruxelles,cavoloriccio,0,
VERDURA,cavolettidibruxelles,radicchio,1,
VERDURA,cavolettidibruxelles,cipollarossa,0,
VERDURA,cavolettidibruxelles,peperone,0,
VERDURA,cavolettidibruxelles,cipollabianca,0,
VERDURA,cavolettidibruxelles,cipollotto,0,
VERDURA,cavolettidibruxelles,ravanello,0,
VERDURA,cavolettidibruxelles,cetriolo,0,
VERDURA,cavolettidibruxelles,cavolocappuccio,0,
VERDURA,cavolettidibruxelles,topinambur,0,
VERDURA,cavolettidibruxelles,cavolorapa,0,
VERDURA,cavolettidibruxelles,fava,0,
VERDURA,cavolettidibruxelles,menta,0,
VERDURA,cavolettidibruxelles,pomodorociliegino,0,
VERDURA,cavolettidibruxelles,cavolo,0,
VERDURA,cavolettidibruxelles,sedano,0,
VERDURA,cavolettidibruxelles,timo,0,
VERDURA,cavolettidibruxelles,pisello,0,
VERDURA,cavolettidibruxelles,rosmarino,0,
VERDURA,cavolettidibruxelles,salvia,0,
VERDURA,cavolettidibruxelles,zucchina,0,
VERDURA,cavolettidibruxelles,lenticchia,0,
VERDURA,cavolettidibruxelles,lattuga,0,
VERDURA,cavolettidibruxelles,zucca,0,
VERDURA,cavolettidibruxelles,cimedirapa,0,
VERDURA,cavolettidibruxelles,scarola,0,
VERDURA,cavolettidibruxelles,cavoloverza,0,
VERDURA,cavolettidibruxelles,finocchio,0,
VERDURA,cavolettidibruxelles,rapa,0,
VERDURA,cavolettidibruxelles,cipolla,0,
VERDURA,cavolettidibruxelles,peperonegiallo,0,
VERDURA,cavolettidibruxelles,pomodoro,0,
VERDURA,cavolettidibruxelles,verza,1,
VERDURA,cavolettidibruxelles,patatarossa,0,
VERDURA,cavolettidibruxelles,porro,0,
VERDURA,cavolettidibruxelles,scalogno,0,
VERDURA,cavolettidibruxelles,edamame,0,
VERDURA,cavolettidibruxelles,cavolonero,0,
VERDURA,cavolettidibruxelles,spinacio,0,
VERDURA,cavolettidibruxelles,patata,0,
VERDURA,cavolettidibruxelles,indivia,0,
VERDURA,cavolettidibruxelles,erbacipollina,0,
VERDURA,cavolettidibruxelles,origano,0,
VERDURA,cavolettidibruxelles,cavolfioreverde,0,
VERDURA,cavolettidibruxelles,melanzana,0,
VERDURA,bietola,sedanorapa,0,
VERDURA,bietola,cavolfiore,0,
VERDURA,bietola,rucola,0,
VERDURA,bietola,cicoria,1,
VERDURA,bietola,cavoloriccio,0,
VERDURA,bietola,radicchio,1,
VERDURA,bietola,cipollarossa,0,
VERDURA,bietola,cavolettidibruxelles,0,
VERDURA,bietola,peperone,0,
VERDURA,bietola,cipollabianca,0,
VERDURA,bietola,cipollotto,0,
VERDURA,bietola,ravanello,0,
VERDURA,bietola,broccolo,1,
VERDURA,bietola,cardo,0,
VERDURA,bietola,carciofo,0,
VERDURA,bietola,cetriolo,0,
VERDURA,bietola,cavolocappuccio,0,
VERDURA,bietola,topinambur,0,
VERDURA,bietola,cavolorapa,0,
VERDURA,bietola,fava,0,
VERDURA,bietola,menta,0,
VERDURA,bietola,pomodorociliegino,0,
VERDURA,bietola,cavolo,0,
VERDURA,bietola,sedano,1,
VERDURA,bietola,timo,0,
VERDURA,bietola,pisello,0,
VERDURA,bietola,carota,1,
VERDURA,bietola,rosmarino,0,
VERDURA,bietola,salvia,0,
VERDURA,bietola,zucchina,0,
VERDURA,bietola,lenticchia,0,
VERDURA,bietola,lattuga,1,
VERDURA,bietola,zucca,0,
VERDURA,bietola,cimedirapa,1,
VERDURA,bietola,scarola,0,
VERDURA,bietola,cavoloverza,0,
VERDURA,bietola,finocchio,1,
VERDURA,bietola,rapa,0,
VERDURA,bietola,cipolla,0,
VERDURA,bietola,peperonegiallo,0,
VERDURA,bietola,pomodoro,0,
VERDURA,bietola,verza,1,
VERDURA,bietola,patatarossa,0,
VERDURA,bietola,porro,0,
VERDURA,bietola,scalogno,0,
VERDURA,bietola,edamame,0,
VERDURA,bietola,cavolonero,0,
VERDURA,bietola,spinacio,0,
VERDURA,bietola,patata,1,
VERDURA,bietola,indivia,0,
VERDURA,bietola,erbacipollina,0,
VERDURA,bietola,origano,0,
VERDURA,bietola,cavolfioreverde,0,
VERDURA,bietola,melanzana,0,
VERDURA,peperone,sedanorapa,0,
VERDURA,peperone,rucola,0,
VERDURA,peperone,radicchio,1,
VERDURA,peperone,ravanello,0,
VERDURA,peperone,topinambur,0,
VERDURA,peperone,pomodorociliegino,0,
VERDURA,peperone,sedano,0,
VERDURA,peperone,timo,0,
VERDURA,peperone,pisello,0,
VERDURA,peperone,rosmarino,0,
VERDURA,peperone,salvia,0,
VERDURA,peperone,zucchina,1,
VERDURA,peperone,zucca,0,
VERDURA,peperone,scarola,0,
VERDURA,peperone,rapa,0,
VERDURA,peperone,peperonegiallo,0,
VERDURA,peperone,pomodoro,0,
VERDURA,peperone,verza,0,
VERDURA,peperone,porro,0,
VERDURA,peperone,scalogno,0,
VERDURA,peperone,spinacio,0,
VERDURA,cipollabianca,sedanorapa,0,
VERDURA,cipollabianca,rucola,0,
VERDURA,cipollabianca,radicchio,0,
VERDURA,cipollabianca,cipollarossa,0,
VERDURA,cipollabianca,peperone,0,
VERDURA,cipollabianca,cipollotto,0,
VERDURA,cipollabianca,ravanello,0,
VERDURA,cipollabianca,topinambur,0,
VERDURA,cipollabianca,fava,0,
VERDURA,cipollabianca,menta,0,
VERDURA,cipollabianca,pomodorociliegino,0,
VERDURA,cipollabianca,sedano,0,
VERDURA,cipollabianca,timo,0,
VERDURA,cipollabianca,pisello,0,
VERDURA,cipollabianca,rosmarino,0,
VERDURA,cipollabianca,salvia,0,
VERDURA,cipollabianca,zucchina,0,
VERDURA,cipollabianca,lenticchia,0,
VERDURA,cipollabianca,lattuga,0,
VERDURA,cipollabianca,zucca,0,
VERDURA,cipollabianca,scarola,0,
VERDURA,cipollabianca,finocchio,0,
VERDURA,cipollabianca,rapa,0,
VERDURA,cipollabianca,peperonegiallo,0,
VERDURA,cipollabianca,pomodoro,0,
VERDURA,cipollabianca,verza,0,
VERDURA,cipollabianca,patatarossa,0,
VERDURA,cipollabianca,porro,0,
VERDURA,cipollabianca,scalogno,0,
VERDURA,cipollabianca,edamame,0,
VERDURA,cipollabianca,spinacio,0,
VERDURA,cipollabianca,patata,0,
VERDURA,cipollabianca,indivia,0,
VERDURA,cipollabianca,erbacipollina,0,
VERDURA,cipollabianca,origano,0,
VERDURA,cipollabianca,melanzana,0,
VERDURA,cipollotto,sedanorapa,0,
VERDURA,cipollotto,rucola,0,
VERDURA,cipollotto,radicchio,0,
VERDURA,cipollotto,peperone,0,
VERDURA,cipollotto,ravanello,0,
VERDURA,cipollotto,topinambur,0,
VERDURA,cipollotto,fava,0,
VERDURA,cipollotto,menta,0,
VERDURA,cipollotto,pomodorociliegino,0,
VERDURA,cipollotto,sedano,0,
VERDURA,cipollotto,timo,0,
VERDURA,cipollotto,pisello,0,
VERDURA,cipollotto,rosmarino,0,
VERDURA,cipollotto,salvia,0,
VERDURA,cipollotto,zucchina,0,
VERDURA,cipollotto,lenticchia,0,
VERDURA,cipollotto,lattuga,1,
VERDURA,cipollotto,zucca,0,
VERDURA,cipollotto,scarola,0,
VERDURA,cipollotto,finocchio,0,
VERDURA,cipollotto,rapa,0,
VERDURA,cipollotto,peperonegiallo,0,
VERDURA,cipollotto,pomodoro,0,
VERDURA,cipollotto,verza,0,
VERDURA,cipollotto,patatarossa,0,
VERDURA,cipollotto,porro,0,
VERDURA,cipollotto,scalogno,0,
VERDURA,cipollotto,edamame,0,
VERDURA,cipollotto,spinacio,0,
VERDURA,cipollotto,patata,0,
VERDURA,cipollotto,indivia,0,
VERDURA,cipollotto,erbacipollina,0,
VERDURA,cipollotto,origano,0,
VERDURA,cipollotto,melanzana,0,
VERDURA,ravanello,sedanorapa,0,
VERDURA,ravanello,rucola,0,
VERDURA,ravanello,topinambur,0,
VERDURA,ravanello,sedano,0,
VERDURA,ravanello,timo,0,
VERDURA,ravanello,rosmarino,0,
VERDURA,ravanello,salvia,0,
VERDURA,ravanello,zucchina,0,
VERDURA,ravanello,zucca,1,
VERDURA,ravanello,scarola,0,
VERDURA,ravanello,verza,0,
VERDURA,ravanello,scalogno,0,
VERDURA,ravanello,spinacio,0,
VERDURA,broccolo,sedanorapa,0,
VERDURA,broccolo,cavolfiore,0,
VERDURA,broccolo,rucola,0,
VERDURA,broccolo,cicoria,0,
VERDURA,broccolo,cavoloriccio,0,
VERDURA,broccolo,radicchio,0,
VERDURA,broccolo,cipollarossa,0,
VERDURA,broccolo,cavolettidibruxelles,0,
VERDURA,broccolo,peperone,0,
VERDURA,broccolo,cipollabianca,0,
VERDURA,broccolo,cipollotto,0,
VERDURA,broccolo,ravanello,0,
VERDURA,broccolo,cardo,0,
VERDURA,broccolo,carciofo,0,
VERDURA,broccolo,cetriolo,0,
VERDURA,broccolo,cavolocappuccio,0,
VERDURA,broccolo,topinambur,0,
VERDURA,broccolo,cavolorapa,0,
VERDURA,broccolo,fava,0,
VERDURA,broccolo,menta,0,
VERDURA,broccolo,pomodorociliegino,0,
VERDURA,broccolo,cavolo,1,
VERDURA,broccolo,sedano,1,
VERDURA,broccolo,timo,0,
VERDURA,broccolo,pisello,0,
VERDURA,broccolo,carota,0,
VERDURA,broccolo,rosmarino,0,
VERDURA,broccolo,salvia,0,
VERDURA,broccolo,zucchina,0,
VERDURA,broccolo,lenticchia,0,
VERDURA,broccolo,lattuga,0,
VERDURA,broccolo,zucca,0,
VERDURA,broccolo,cimedirapa,0,
VERDURA,broccolo,scarola,0,
VERDURA,broccolo,cavoloverza,0,
VERDURA,broccolo,finocchio,0,
VERDURA,broccolo,rapa,0,
VERDURA,broccolo,cipolla,0,
VERDURA,broccolo,peperonegiallo,0,
VERDURA,broccolo,pomodoro,0,
VERDURA,broccolo,verza,0,
VERDURA,broccolo,patatarossa,0,
VERDURA,broccolo,porro,0,
VERDURA,broccolo,scalogno,0,
VERDURA,broccolo,edamame,0,
VERDURA,broccolo,cavolonero,0,
VERDURA,broccolo,spinacio,0,
VERDURA,broccolo,patata,0,
VERDURA,broccolo,indivia,0,
VERDURA,broccolo,erbacipollina,0,
VERDURA,broccolo,origano,0,
VERDURA,broccolo,cavolfioreverde,0,
VERDURA,broccolo,melanzana,0,
VERDURA,cardo,sedanorapa,0,
VERDURA,cardo,cavolfiore,0,
VERDURA,cardo,rucola,0,
VERDURA,cardo,cicoria,0,
VERDURA,cardo,cavoloriccio,0,
VERDURA,cardo,radicchio,0,
VERDURA,cardo,cipollarossa,0,
VERDURA,cardo,cavolettidibruxelles,0,
VERDURA,cardo,peperone,0,
VERDURA,cardo,cipollabianca,0,
VERDURA,cardo,cipollotto,0,
VERDURA,cardo,ravanello,0,
VERDURA,cardo,cetriolo,0,
VERDURA,cardo,cavolocappuccio,0,
VERDURA,cardo,topinambur,0,
VERDURA,cardo,cavolorapa,0,
VERDURA,cardo,fava,0,
VERDURA,cardo,menta,0,
VERDURA,cardo,pomodorociliegino,0,
VERDURA,cardo,cavolo,0,
VERDURA,cardo,sedano,0,
VERDURA,cardo,timo,0,
VERDURA,cardo,pisello,0,
VERDURA,cardo,carota,0,
VERDURA,cardo,rosmarino,0,
VERDURA,cardo,salvia,0,
VERDURA,cardo,zucchina,0,
VERDURA,cardo,lenticchia,0,
VERDURA,cardo,lattuga,0,
VERDURA,cardo,zucca,0,
VERDURA,cardo,cimedirapa,0,
VERDURA,cardo,scarola,0,
VERDURA,cardo,cavoloverza,0,
VERDURA,cardo,finocchio,0,
VERDURA,cardo,rapa,0,
VERDURA,cardo,cipolla,0,
VERDURA,cardo,peperonegiallo,0,
VERDURA,cardo,pomodoro,0,
VERDURA,cardo,verza,0,
VERDURA,cardo,patatarossa,0,
VERDURA,cardo,porro,0,
VERDURA,cardo,scalogno,0,
VERDURA,cardo,edamame,0,
VERDURA,cardo,cavolonero,0,
VERDURA,cardo,spinacio,0,
VERDURA,cardo,patata,0,
VERDURA,cardo,indivia,0,
VERDURA,cardo,erbacipollina,0,
VERDURA,cardo,origano,0,
VERDURA,cardo,cavolfioreverde,0,
VERDURA,cardo,melanzana,0,
VERDURA,carciofo,sedanorapa,0,
VERDURA,carciofo,cavolfiore,0,
VERDURA,carciofo,rucola,0,
VERDURA,carciofo,cicoria,1,
VERDURA,carciofo,cavoloriccio,0,
VERDURA,carciofo,radicchio,0,
VERDURA,carciofo,cipollarossa,0,
VERDURA,carciofo,cavolettidibruxelles,0,
VERDURA,carciofo,peperone,0,
VERDURA,carciofo,cipollabianca,0,
VERDURA,carciofo,cipollotto,0,
VERDURA,carciofo,ravanello,0,
VERDURA,carciofo,cardo,0,
VERDURA,carciofo,cetriolo,0,
VERDURA,carciofo,cavolocappuccio,0,
VERDURA,carciofo,topinambur,0,
VERDURA,carciofo,cavolorapa,0,
VERDURA,carciofo,fava,0,
VERDURA,carciofo,menta,0,
VERDURA,carciofo,pomodorociliegino,0,
VERDURA,carciofo,cavolo,0,
VERDURA,carciofo,sedano,0,
VERDURA,carciofo,timo,0,
VERDURA,carciofo,pisello,0,
VERDURA,carciofo,carota,0,
VERDURA,carciofo,rosmarino,0,
VERDURA,carciofo,salvia,0,
VERDURA,carciofo,zucchina,0,
VERDURA,carciofo,lenticchia,0,
VERDURA,carciofo,lattuga,0,
VERDURA,carciofo,zucca,0,
VERDURA,carciofo,cimedirapa,0,
VERDURA,carciofo,scarola,0,
VERDURA,carciofo,cavoloverza,0,
VERDURA,carciofo,finocchio,0,
VERDURA,carciofo,rapa,0,
VERDURA,carciofo,cipolla,0,
VERDURA,carciofo,peperonegiallo,0,
VERDURA,carciofo,pomodoro,0,
VERDURA,carciofo,verza,0,
VERDURA,carciofo,patatarossa,0,
VERDURA,carciofo,porro,0,
VERDURA,carciofo,scalogno,0,
VERDURA,carciofo,edamame,0,
VERDURA,carciofo,cavolonero,0,
VERDURA,carciofo,spinacio,0,
VERDURA,carciofo,patata,0,
VERDURA,carciofo,indivia,0,
VERDURA,carciofo,erbacipollina,0,
VERDURA,carciofo,origano,0,
VERDURA,carciofo,cavolfioreverde,0,
VERDURA,carciofo,melanzana,0,
VERDURA,cetriolo,sedanorapa,0,
VERDURA,cetriolo,rucola,0,
VERDURA,cetriolo,cicoria,1,
VERDURA,cetriolo,radicchio,0,
VERDURA,cetriolo,cipollarossa,0,
VERDURA,cetriolo,peperone,0,
VERDURA,cetriolo,cipollabianca,0,
VERDURA,cetriolo,cipollotto,0,
VERDURA,cetriolo,ravanello,0,
VERDURA,cetriolo,topinambur,0,
VERDURA,cetriolo,fava,0,
VERDURA,cetriolo,menta,0,
VERDURA,cetriolo,pomodorociliegino,0,
VERDURA,cetriolo,sedano,1,
VERDURA,cetriolo,timo,0,
VERDURA,cetriolo,pisello,0,
VERDURA,cetriolo,rosmarino,0,
VERDURA,cetriolo,salvia,0,
VERDURA,cetriolo,zucchina,0,
VERDURA,cetriolo,lenticchia,0,
VERDURA,cetriolo,lattuga,1,
VERDURA,cetriolo,zucca,0,
VERDURA,cetriolo,cimedirapa,0,
VERDURA,cetriolo,scarola,0,
VERDURA,cetriolo,finocchio,1,
VERDURA,cetriolo,rapa,0,
VERDURA,cetriolo,cipolla,0,
VERDURA,cetriolo,peperonegiallo,0,
VERDURA,cetriolo,pomodoro,1,
VERDURA,cetriolo,verza,1,
VERDURA,cetriolo,patatarossa,0,
VERDURA,cetriolo,porro,0,
VERDURA,cetriolo,scalogno,0,
VERDURA,cetriolo,edamame,0,
VERDURA,cetriolo,spinacio,0,
VERDURA,cetriolo,patata,0,
VERDURA,cetriolo,indivia,0,
VERDURA,cetriolo,erbacipollina,0,
VERDURA,cetriolo,origano,0,
VERDURA,cetriolo,melanzana,0,
VERDURA,cavolocappuccio,sedanorapa,0,
VERDURA,cavolocappuccio,rucola,0,
VERDURA,cavolocappuccio,cicoria,0,
VERDURA,cavolocappuccio,cavoloriccio,0,
VERDURA,cavolocappuccio,radicchio,1,
VERDURA,cavolocappuccio,cipollarossa,0,
VERDURA,cavolocappuccio,peperone,0,
VERDURA,cavolocappuccio,cipollabianca,0,
VERDURA,cavolocappuccio,cipollotto,0,
VERDURA,cavolocappuccio,ravanello,0,
VERDURA,cavolocappuccio,cetriolo,0,
VERDURA,cavolocappuccio,topinambur,0,
VERDURA,cavolocappuccio,cavolorapa,0,
VERDURA,cavolocappuccio,fava,0,
VERDURA,cavolocappuccio,menta,0,
VERDURA,cavolocappuccio,pomodorociliegino,0,
VERDURA,cavolocappuccio,sedano,0,
VERDURA,cavolocappuccio,timo,0,
VERDURA,cavolocappuccio,pisello,0,
VERDURA,cavolocappuccio,rosmarino,0,
VERDURA,cavolocappuccio,salvia,0,
VERDURA,cavolocappuccio,zucchina,0,
VERDURA,cavolocappuccio,lenticchia,0,
VERDURA,cavolocappuccio,lattuga,1,
VERDURA,cavolocappuccio,zucca,0,
VERDURA,cavolocappuccio,cimedirapa,0,
VERDURA,cavolocappuccio,scarola,0,
VERDURA,cavolocappuccio,cavoloverza,0,
VERDURA,cavolocappuccio,finocchio,0,
VERDURA,cavolocappuccio,rapa,0,
VERDURA,cavolocappuccio,cipolla,1,
VERDURA,cavolocappuccio,peperonegiallo,0,
VERDURA,cavolocappuccio,pomodoro,0,
VERDURA,cavolocappuccio,verza,1,
VERDURA,cavolocappuccio,patatarossa,0,
VERDURA,cavolocappuccio,porro,0,
VERDURA,cavolocappuccio,scalogno,0,
VERDURA,cavolocappuccio,edamame,0,
VERDURA,cavolocappuccio,cavolonero,0,
VERDURA,cavolocappuccio,spinacio,0,
VERDURA,cavolocappuccio,patata,0,
VERDURA,cavolocappuccio,indivia,0,
VERDURA,cavolocappuccio,erbacipollina,0,
VERDURA,cavolocappuccio,origano,0,
VERDURA,cavolocappuccio,melanzana,0,
VERDURA,topinambur,zucchina,0,
VERDURA,topinambur,zucca,0,
VERDURA,topinambur,verza,0,
VERDURA,cavolorapa,sedanorapa,0,
VERDURA,cavolorapa,rucola,0,
VERDURA,cavolorapa,cicoria,0,
VERDURA,cavolorapa,cavoloriccio,0,
VERDURA,cavolorapa,radicchio,0,
VERDURA,cavolorapa,cipollarossa,0,
VERDURA,cavolorapa,peperone,0,
VERDURA,cavolorapa,cipollabianca,0,
VERDURA,cavolorapa,cipollotto,0,
VERDURA,cavolorapa,ravanello,0,
VERDURA,cavolorapa,cetriolo,1,
VERDURA,cavolorapa,topinambur,0,
VERDURA,cavolorapa,fava,0,
VERDURA,cavolorapa,menta,0,
VERDURA,cavolorapa,pomodorociliegino,0,
VERDURA,cavolorapa,sedano,0,
VERDURA,cavolorapa,timo,0,
VERDURA,cavolorapa,pisello,0,
VERDURA,cavolorapa,rosmarino,0,
VERDURA,cavolorapa,salvia,0,
VERDURA,cavolorapa,zucchina,0,
VERDURA,cavolorapa,lenticchia,0,
VERDURA,cavolorapa,lattuga,0,
VERDURA,cavolorapa,zucca,0,
VERDURA,cavolorapa,cimedirapa,0,
VERDURA,cavolorapa,scarola,0,
VERDURA,cavolorapa,cavoloverza,0,
VERDURA,cavolorapa,finocchio,0,
VERDURA,cavolorapa,rapa,0,
VERDURA,cavolorapa,cipolla,0,
VERDURA,cavolorapa,peperonegiallo,0,
VERDURA,cavolorapa,pomodoro,1,
VERDURA,cavolorapa,verza,0,
VERDURA,cavolorapa,patatarossa,0,
VERDURA,cavolorapa,porro,0,
VERDURA,cavolorapa,scalogno,0,
VERDURA,cavolorapa,edamame,0,
VERDURA,cavolorapa,spinacio,0,
VERDURA,cavolorapa,patata,0,
VERDURA,cavolorapa,indivia,0,
VERDURA,cavolorapa,erbacipollina,0,
VERDURA,cavolorapa,origano,0,
VERDURA,cavolorapa,melanzana,0,
VERDURA,fava,sedanorapa,0,
VERDURA,fava,rucola,0,
VERDURA,fava,radicchio,0,
VERDURA,fava,peperone,0,
VERDURA,fava,ravanello,0,
VERDURA,fava,topinambur,0,
VERDURA,fava,menta,0,
VERDURA,fava,pomodorociliegino,0,
VERDURA,fava,sedano,0,
VERDURA,fava,timo,0,
VERDURA,fava,pisello,0,
VERDURA,fava,rosmarino,0,
VERDURA,fava,salvia,0,
VERDURA,fava,zucchina,0,
VERDURA,fava,lenticchia,0,
VERDURA,fava,lattuga,0,
VERDURA,fava,zucca,0,
VERDURA,fava,scarola,0,
VERDURA,fava,finocchio,0,
VERDURA,fava,rapa,0,
VERDURA,fava,peperonegiallo,0,
VERDURA,fava,pomodoro,0,
VERDURA,fava,verza,0,
VERDURA,fava,patatarossa,0,
VERDURA,fava,porro,0,
VERDURA,fava,scalogno,0,
VERDURA,fava,spinacio,0,
VERDURA,fava,patata,0,
VERDURA,fava,indivia,0,
VERDURA,fava,origano,0,
VERDURA,fava,melanzana,0,
VERDURA,basilico,sedanorapa,0,
VERDURA,basilico,cavolfiore,0,
VERDURA,basilico,rucola,0,
VERDURA,basilico,cicoria,0,
VERDURA,basilico,cavoloriccio,0,
VERDURA,basilico,radicchio,0,
VERDURA,basilico,cipollarossa,0,
VERDURA,basilico,cavolettidibruxelles,0,
VERDURA,basilico,bietola,1,
VERDURA,basilico,peperone,0,
VERDURA,basilico,cipollabianca,0,
VERDURA,basilico,cipollotto,0,
VERDURA,basilico,ravanello,0,
VERDURA,basilico,broccolo,0,
VERDURA,basilico,cardo,0,
VERDURA,basilico,carciofo,0,
VERDURA,basilico,cetriolo,0,
VERDURA,basilico,cavolocappuccio,0,
VERDURA,basilico,topinambur,0,
VERDURA,basilico,cavolorapa,0,
VERDURA,basilico,fava,0,
VERDURA,basilico,menta,0,
VERDURA,basilico,pomodorociliegino,0,
VERDURA,basilico,cavolo,0,
VERDURA,basilico,sedano,0,
VERDURA,basilico,timo,0,
VERDURA,basilico,pisello,0,
VERDURA,basilico,carota,0,
VERDURA,basilico,rosmarino,1,
VERDURA,basilico,salvia,0,
VERDURA,basilico,zucchina,0,
VERDURA,basilico,lenticchia,0,
VERDURA,basilico,lattuga,0,
VERDURA,basilico,zucca,0,
VERDURA,basilico,cimedirapa,0,
VERDURA,basilico,scarola,0,
VERDURA,basilico,cavoloverza,0,
VERDURA,basilico,finocchio,0,
VERDURA,basilico,rapa,0,
VERDURA,basilico,cipolla,0,
VERDURA,basilico,peperonegiallo,0,
VERDURA,basilico,pomodoro,0,
VERDURA,basilico,verza,0,
VERDURA,basilico,patatarossa,0,
VERDURA,basilico,porro,0,
VERDURA,basilico,scalogno,0,
VERDURA,basilico,edamame,0,
VERDURA,basilico,cavolonero,0,
VERDURA,basilico,spinacio,0,
VERDURA,basilico,patata,0,
VERDURA,basilico,indivia,0,
VERDURA,basilico,erbacipollina,0,
VERDURA,basilico,origano,0,
VERDURA,basilico,cavolfioreverde,0,
VERDURA,basilico,melanzana,0,
VERDURA,menta,sedanorapa,0,
VERDURA,menta,rucola,1,
VERDURA,menta,radicchio,0,
VERDURA,menta,peperone,0,
VERDURA,menta,ravanello,0,
VERDURA,menta,topinambur,0,
VERDURA,menta,pomodorociliegino,0,
VERDURA,menta,sedano,0,
VERDURA,menta,timo,0,
VERDURA,menta,pisello,0,
VERDURA,menta,rosmarino,0,
VERDURA,menta,salvia,0,
VERDURA,menta,zucchina,0,
VERDURA,menta,zucca,0,
VERDURA,menta,scarola,0,
VERDURA,menta,rapa,0,
VERDURA,menta,peperonegiallo,0,
VERDURA,menta,pomodoro,0,
VERDURA,menta,verza,0,
VERDURA,menta,patatarossa,0,
VERDURA,menta,porro,0,
VERDURA,menta,scalogno,0,
VERDURA,menta,spinacio,0,
VERDURA,menta,patata,0,
VERDURA,menta,origano,0,
VERDURA,pomodorociliegino,sedanorapa,0,
VERDURA,pomodorociliegino,rucola,0,
VERDURA,pomodorociliegino,radicchio,0,
VERDURA,pomodorociliegino,ravanello,0,
VERDURA,pomodorociliegino,topinambur,0,
VERDURA,pomodorociliegino,sedano,0,
VERDURA,pomodorociliegino,timo,0,
VERDURA,pomodorociliegino,rosmarino,0,
VERDURA,pomodorociliegino,salvia,0,
VERDURA,pomodorociliegino,zucchina,0,
VERDURA,pomodorociliegino,zucca,0,
VERDURA,pomodorociliegino,scarola,0,
VERDURA,pomodorociliegino,rapa,0,
VERDURA,pomodorociliegino,verza,0,
VERDURA,pomodorociliegino,porro,0,
VERDURA,pomodorociliegino,scalogno,0,
VERDURA,pomodorociliegino,spinacio,0,
VERDURA,cavolo,sedanorapa,0,
VERDURA,cavolo,rucola,1,
VERDURA,cavolo,cicoria,1,
VERDURA,cavolo,cavoloriccio,0,
VERDURA,cavolo,radicchio,1,
VERDURA,cavolo,cipollarossa,0,
VERDURA,cavolo,peperone,0,
VERDURA,cavolo,cipollabianca,0,
VERDURA,cavolo,cipollotto,0,
VERDURA,cavolo,ravanello,0,
VERDURA,cavolo,cetriolo,0,
VERDURA,cavolo,cavolocappuccio,1,
VERDURA,cavolo,topinambur,0,
VERDURA,cavolo,cavolorapa,0,
VERDURA,cavolo,fava,0,
VERDURA,cavolo,menta,0,
VERDURA,cavolo,pomodorociliegino,0,
VERDURA,cavolo,sedano,1,
VERDURA,cavolo,timo,0,
VERDURA,cavolo,pisello,0,
VERDURA,cavolo,rosmarino,0,
VERDURA,cavolo,salvia,0,
VERDURA,cavolo,zucchina,0,
VERDURA,cavolo,lenticchia,0,
VERDURA,cavolo,lattuga,1,
VERDURA,cavolo,zucca,0,
VERDURA,cavolo,cimedirapa,1,
VERDURA,cavolo,scarola,0,
VERDURA,cavolo,cavoloverza,0,
VERDURA,cavolo,finocchio,1,
VERDURA,cavolo,rapa,0,
VERDURA,cavolo,cipolla,1,
VERDURA,cavolo,peperonegiallo,0,
VERDURA,cavolo,pomodoro,0,
VERDURA,cavolo,verza,1,
VERDURA,cavolo,patatarossa,0,
VERDURA,cavolo,porro,0,
VERDURA,cavolo,scalogno,0,
VERDURA,cavolo,edamame,0,
VERDURA,cavolo,cavolonero,1,
VERDURA,cavolo,spinacio,0,
VERDURA,cavolo,patata,0,
VERDURA,cavolo,indivia,0,
VERDURA,cavolo,erbacipollina,0,
VERDURA,cavolo,origano,0,
VERDURA,cavolo,melanzana,0,
VERDURA,sedano,sedanorapa,0,
VERDURA,sedano,topinambur,0,
VERDURA,sedano,timo,0,
VERDURA,sedano,zucchina,1,
VERDURA,sedano,zucca,1,
VERDURA,sedano,verza,1,
VERDURA,sedano,spinacio,0,
VERDURA,timo,topinambur,0,
VERDURA,timo,zucchina,0,
VERDURA,timo,zucca,0,
VERDURA,timo,verza,0,
VERDURA,pisello,sedanorapa,0,
VERDURA,pisello,rucola,0,
VERDURA,pisello,radicchio,0,
VERDURA,pisello,ravanello,0,
VERDURA,pisello,topinambur,0,
VERDURA,pisello,pomodorociliegino,0,
VERDURA,pisello,sedano,0,
VERDURA,pisello,timo,0,
VERDURA,pisello,rosmarino,0,
VERDURA,pisello,salvia,0,
VERDURA,pisello,zucchina,0,
VERDURA,pisello,zucca,0,
VERDURA,pisello,scarola,0,
VERDURA,pisello,rapa,0,
VERDURA,pisello,pomodoro,0,
VERDURA,pisello,verza,0,
VERDURA,pisello,porro,0,
VERDURA,pisello,scalogno,0,
VERDURA,pisello,spinacio,0,
VERDURA,carota,sedanorapa,0,
VERDURA,carota,cavolfiore,0,
VERDURA,carota,rucola,1,
VERDURA,carota,cicoria,0,
VERDURA,carota,cavoloriccio,0,
VERDURA,carota,radicchio,1,
VERDURA,carota,cipollarossa,0,
VERDURA,carota,cavolettidibruxelles,0,
VERDURA,carota,peperone,0,
VERDURA,carota,cipollabianca,0,
VERDURA,carota,cipollotto,0,
VERDURA,carota,ravanello,1,
VERDURA,carota,cetriolo,0,
VERDURA,carota,cavolocappuccio,0,
VERDURA,carota,topinambur,0,
VERDURA,carota,cavolorapa,0,
VERDURA,carota,fava,0,
VERDURA,carota,menta,0,
VERDURA,carota,pomodorociliegino,0,
VERDURA,carota,cavolo,0,
VERDURA,carota,sedano,1,
VERDURA,carota,timo,0,
VERDURA,carota,pisello,0,
VERDURA,carota,rosmarino,0,
VERDURA,carota,salvia,0,
VERDURA,carota,zucchina,1,
VERDURA,carota,lenticchia,0,
VERDURA,carota,lattuga,0,
VERDURA,carota,zucca,0,
VERDURA,carota,cimedirapa,0,
VERDURA,carota,scarola,0,
VERDURA,carota,cavoloverza,0,
VERDURA,carota,finocchio,0,
VERDURA,carota,rapa,0,
VERDURA,carota,cipolla,1,
VERDURA,carota,peperonegiallo,0,
VERDURA,carota,pomodoro,0,
VERDURA,carota,verza,0,
VERDURA,carota,patatarossa,0,
VERDURA,carota,porro,1,
VERDURA,carota,scalogno,0,
VERDURA,carota,edamame,0,
VERDURA,carota,cavolonero,0,
VERDURA,carota,spinacio,0,
VERDURA,carota,patata,1,
VERDURA,carota,indivia,0,
VERDURA,carota,erbacipollina,0,
VERDURA,carota,origano,0,
VERDURA,carota,cavolfioreverde,0,
VERDURA,carota,melanzana,1,
VERDURA,rosmarino,sedanorapa,0,
VERDURA,rosmarino,rucola,0,
VERDURA,rosmarino,topinambur,0,
VERDURA,rosmarino,sedano,0,
VERDURA,rosmarino,timo,0,
VERDURA,rosmarino,salvia,0,
VERDURA,rosmarino,zucchina,0,
VERDURA,rosmarino,zucca,0,
VERDURA,rosmarino,scarola,0,
VERDURA,rosmarino,verza,0,
VERDURA,rosmarino,scalogno,0,
VERDURA,rosmarino,spinacio,0,
VERDURA,salvia,sedanorapa,0,
VERDURA,salvia,topinambur,0,
VERDURA,salvia,sedano,0,
VERDURA,salvia,timo,0,
VERDURA,salvia,zucchina,0,
VERDURA,salvia,zucca,0,
VERDURA,salvia,scarola,0,
VERDURA,salvia,verza,0,
VERDURA,salvia,scalogno,0,
VERDURA,salvia,spinacio,0,
VERDURA,lenticchia,sedanorapa,0,
VERDURA,lenticchia,rucola,0,
VERDURA,lenticchia,radicchio,0,
VERDURA,lenticchia,peperone,0,
VERDURA,lenticchia,ravanello,0,
VERDURA,lenticchia,topinambur,0,
VERDURA,lenticchia,menta,0,
VERDURA,lenticchia,pomodorociliegino,0,
VERDURA,lenticchia,sedano,0,
VERDURA,lenticchia,timo,0,
VERDURA,lenticchia,pisello,0,
VERDURA,lenticchia,rosmarino,0,
VERDURA,lenticchia,salvia,0,
VERDURA,lenticchia,zucchina,0,
VERDURA,lenticchia,zucca,0,
VERDURA,lenticchia,scarola,0,
VERDURA,lenticchia,rapa,0,
VERDURA,lenticchia,peperonegiallo,0,
VERDURA,lenticchia,pomodoro,0,
VERDURA,lenticchia,verza,0,
VERDURA,lenticchia,patatarossa,0,
VERDURA,lenticchia,porro,0,
VERDURA,lenticchia,scalogno,0,
VERDURA,lenticchia,spinacio,0,
VERDURA,lenticchia,patata,0,
VERDURA,lenticchia,origano,0,
VERDURA,lenticchia,melanzana,0,
VERDURA,lattuga,sedanorapa,0,
VERDURA,lattuga,rucola,1,
VERDURA,lattuga,radicchio,1,
VERDURA,lattuga,peperone,0,
VERDURA,lattuga,ravanello,0,
VERDURA,lattuga,topinambur,0,
VERDURA,lattuga,menta,0,
VERDURA,lattuga,pomodorociliegino,0,
VERDURA,lattuga,sedano,1,
VERDURA,lattuga,timo,0,
VERDURA,lattuga,pisello,0,
VERDURA,lattuga,rosmarino,1,
VERDURA,lattuga,salvia,0,
VERDURA,lattuga,zucchina,1,
VERDURA,lattuga,lenticchia,0,
VERDURA,lattuga,zucca,0,
VERDURA,lattuga,scarola,0,
VERDURA,lattuga,rapa,0,
VERDURA,lattuga,peperonegiallo,0,
VERDURA,lattuga,pomodoro,1,
VERDURA,lattuga,verza,1,
VERDURA,lattuga,patatarossa,0,
VERDURA,lattuga,porro,0,
VERDURA,lattuga,scalogno,0,
VERDURA,lattuga,spinacio,0,
VERDURA,lattuga,patata,0,
VERDURA,lattuga,origano,0,
VERDURA,lattuga,melanzana,0,
VERDURA,zucca,zucchina,0,
VERDURA,aglio,sedanorapa,0,
VERDURA,aglio,cavolfiore,1,
VERDURA,aglio,rucola,1,
VERDURA,aglio,cicoria,0,
VERDURA,aglio,cavoloriccio,0,
VERDURA,aglio,barbabietola,1,
VERDURA,aglio,radicchio,0,
VERDURA,aglio,cipollarossa,0,
VERDURA,aglio,cavolettidibruxelles,0,
VERDURA,aglio,bietola,0,
VERDURA,aglio,peperone,0,
VERDURA,aglio,cipollabianca,0,
VERDURA,aglio,cipollotto,0,
VERDURA,aglio,ravanello,0,
VERDURA,aglio,broccolo,0,
VERDURA,aglio,cardo,0,
VERDURA,aglio,carciofo,0,
VERDURA,aglio,cetriolo,0,
VERDURA,aglio,cavolocappuccio,0,
VERDURA,aglio,topinambur,0,
VERDURA,aglio,cavolorapa,0,
VERDURA,aglio,fava,0,
VERDURA,aglio,basilico,1,
VERDURA,aglio,menta,0,
VERDURA,aglio,pomodorociliegino,0,
VERDURA,aglio,cavolo,0,
VERDURA,aglio,sedano,0,
VERDURA,aglio,timo,0,
VERDURA,aglio,pisello,0,
VERDURA,aglio,carota,0,
VERDURA,aglio,rosmarino,0,
VERDURA,aglio,salvia,0,
VERDURA,aglio,zucchina,0,
VERDURA,aglio,lenticchia,0,
VERDURA,aglio,lattuga,1,
VERDURA,aglio,zucca,1,
VERDURA,aglio,cimedirapa,0,
VERDURA,aglio,scarola,0,
VERDURA,aglio,cavoloverza,0,
VERDURA,aglio,finocchio,0,
VERDURA,aglio,rapa,0,
VERDURA,aglio,cipolla,1,
VERDURA,aglio,peperonegiallo,0,
VERDURA,aglio,pomodoro,0,
VERDURA,aglio,verza,1,
VERDURA,aglio,patatarossa,0,
VERDURA,aglio,porro,0,
VERDURA,aglio,scalogno,0,
VERDURA,aglio,edamame,0,
VERDURA,aglio,cavolonero,0,
VERDURA,aglio,spinacio,0,
VERDURA,aglio,patata,0,
VERDURA,aglio,indivia,0,
VERDURA,aglio,erbacipollina,0,
VERDURA,aglio,origano,0,
VERDURA,aglio,cavolfioreverde,0,
VERDURA,aglio,melanzana,0,
VERDURA,cimedirapa,sedanorapa,0,
VERDURA,cimedirapa,rucola,0,
VERDURA,cimedirapa,radicchio,0,
VERDURA,cimedirapa,cipollarossa,0,
VERDURA,cimedirapa,peperone,0,
VERDURA,cimedirapa,cipollabianca,0,
VERDURA,cimedirapa,cipollotto,0,
VERDURA,cimedirapa,ravanello,0,
VERDURA,cimedirapa,topinambur,0,
VERDURA,cimedirapa,fava,0,
VERDURA,cimedirapa,menta,0,
VERDURA,cimedirapa,pomodorociliegino,0,
VERDURA,cimedirapa,sedano,1,
VERDURA,cimedirapa,timo,0,
VERDURA,cimedirapa,pisello,0,
VERDURA,cimedirapa,rosmarino,0,
VERDURA,cimedirapa,salvia,0,
VERDURA,cimedirapa,zucchina,0,
VERDURA,cimedirapa,lenticchia,0,
VERDURA,cimedirapa,lattuga,1,
VERDURA,cimedirapa,zucca,0,
VERDURA,cimedirapa,scarola,0,
VERDURA,cimedirapa,finocchio,0,
VERDURA,cimedirapa,rapa,0,
VERDURA,cimedirapa,cipolla,0,
VERDURA,cimedirapa,peperonegiallo,0,
VERDURA,cimedirapa,pomodoro,0,
VERDURA,cimedirapa,verza,0,
VERDURA,cimedirapa,patatarossa,0,
VERDURA,cimedirapa,porro,0,
VERDURA,cimedirapa,scalogno,0,
VERDURA,cimedirapa,edamame,0,
VERDURA,cimedirapa,spinacio,0,
VERDURA,cimedirapa,patata,0,
VERDURA,cimedirapa,indivia,0,
VERDURA,cimedirapa,erbacipollina,0,
VERDURA,cimedirapa,origano,0,
VERDURA,cimedirapa,melanzana,0,
VERDURA,scarola,sedanorapa,0,
VERDURA,scarola,topinambur,0,
VERDURA,scarola,sedano,0,
VERDURA,scarola,timo,0,
VERDURA,scarola,zucchina,1,
VERDURA,scarola,zucca,0,
VERDURA,scarola,verza,0,
VERDURA,scarola,spinacio,0,
VERDURA,cavoloverza,sedanorapa,0,
VERDURA,cavoloverza,rucola,0,
VERDURA,cavoloverza,cicoria,1,
VERDURA,cavoloverza,radicchio,0,
VERDURA,cavoloverza,cipollarossa,0,
VERDURA,cavoloverza,peperone,0,
VERDURA,cavoloverza,cipollabianca,0,
VERDURA,cavoloverza,cipollotto,0,
VERDURA,cavoloverza,ravanello,0,
VERDURA,cavoloverza,cetriolo,0,
VERDURA,cavoloverza,topinambur,0,
VERDURA,cavoloverza,fava,0,
VERDURA,cavoloverza,menta,0,
VERDURA,cavoloverza,pomodorociliegino,0,
VERDURA,cavoloverza,sedano,0,
VERDURA,cavoloverza,timo,0,
VERDURA,cavoloverza,pisello,0,
VERDURA,cavoloverza,rosmarino,0,
VERDURA,cavoloverza,salvia,0,
VERDURA,cavoloverza,zucchina,0,
VERDURA,cavoloverza,lenticchia,0,
VERDURA,cavoloverza,lattuga,1,
VERDURA,cavoloverza,zucca,0,
VERDURA,cavoloverza,cimedirapa,0,
VERDURA,cavoloverza,scarola,0,
VERDURA,cavoloverza,finocchio,0,
VERDURA,cavoloverza,rapa,0,
VERDURA,cavoloverza,cipolla,0,
VERDURA,cavoloverza,peperonegiallo,0,
VERDURA,cavoloverza,pomodoro,0,
VERDURA,cavoloverza,verza,0,
VERDURA,cavoloverza,patatarossa,0,
VERDURA,cavoloverza,porro,0,
VERDURA,cavoloverza,scalogno,0,
VERDURA,cavoloverza,edamame,0,
VERDURA,cavoloverza,spinacio,0,
VERDURA,cavoloverza,patata,0,
VERDURA,cavoloverza,indivia,0,
VERDURA,cavoloverza,erbacipollina,0,
VERDURA,cavoloverza,origano,0,
VERDURA,cavoloverza,melanzana,0,
VERDURA,finocchio,sedanorapa,0,
VERDURA,finocchio,rucola,1,
VERDURA,finocchio,radicchio,1,
VERDURA,finocchio,peperone,0,
VERDURA,finocchio,ravanello,0,
VERDURA,finocchio,topinambur,0,
VERDURA,finocchio,menta,0,
VERDURA,finocchio,pomodorociliegino,0,
VERDURA,finocchio,sedano,1,
VERDURA,finocchio,timo,0,
VERDURA,finocchio,pisello,0,
VERDURA,finocchio,rosmarino,0,
VERDURA,finocchio,salvia,0,
VERDURA,finocchio,zucchina,1,
VERDURA,finocchio,lenticchia,0,
VERDURA,finocchio,lattuga,1,
VERDURA,finocchio,zucca,0,
VERDURA,finocchio,scarola,0,
VERDURA,finocchio,rapa,0,
VERDURA,finocchio,peperonegiallo,0,
VERDURA,finocchio,pomodoro,1,
VERDURA,finocchio,verza,1,
VERDURA,finocchio,patatarossa,0,
VERDURA,finocchio,porro,0,
VERDURA,finocchio,scalogno,0,
VERDURA,finocchio,spinacio,0,
VERDURA,finocchio,patata,0,
VERDURA,finocchio,indivia,0,
VERDURA,finocchio,origano,0,
VERDURA,finocchio,melanzana,1,
VERDURA,rapa,sedanorapa,0,
VERDURA,rapa,rucola,0,
VERDURA,rapa,ravanello,0,
VERDURA,rapa,topinambur,0,
VERDURA,rapa,sedano,0,
VERDURA,rapa,timo,0,
VERDURA,rapa,rosmarino,0,
VERDURA,rapa,salvia,0,
VERDURA,rapa,zucchina,0,
VERDURA,rapa,zucca,0,
VERDURA,rapa,scarola,0,
VERDURA,rapa,verza,0,
VERDURA,rapa,scalogno,0,
VERDURA,rapa,spinacio,0,
VERDURA,cipolla,sedanorapa,0,
VERDURA,cipolla,rucola,0,
VERDURA,cipolla,radicchio,0,
VERDURA,cipolla,cipollarossa,0,
VERDURA,cipolla,peperone,0,
VERDURA,cipolla,cipollabianca,0,
VERDURA,cipolla,cipollotto,1,
VERDURA,cipolla,ravanello,0,
VERDURA,cipolla,topinambur,0,
VERDURA,cipolla,fava,0,
VERDURA,cipolla,menta,0,
VERDURA,cipolla,pomodorociliegino,0,
VERDURA,cipolla,sedano,1,
VERDURA,cipolla,timo,0,
VERDURA,cipolla,pisello,0,
VERDURA,cipolla,rosmarino,0,
VERDURA,cipolla,salvia,0,
VERDURA,cipolla,zucchina,1,
VERDURA,cipolla,lenticchia,0,
VERDURA,cipolla,lattuga,1,
VERDURA,cipolla,zucca,0,
VERDURA,cipolla,scarola,0,
VERDURA,cipolla,finocchio,0,
VERDURA,cipolla,rapa,0,
VERDURA,cipolla,peperonegiallo,0,
VERDURA,cipolla,pomodoro,1,
VERDURA,cipolla,verza,1,
VERDURA,cipolla,patatarossa,0,
VERDURA,cipolla,porro,0,
VERDURA,cipolla,scalogno,0,
VERDURA,cipolla,edamame,0,
VERDURA,cipolla,spinacio,0,
VERDURA,cipolla,patata,0,
VERDURA,cipolla,indivia,0,
VERDURA,cipolla,erbacipollina,0,
VERDURA,cipolla,origano,0,
VERDURA,cipolla,melanzana,1,
VERDURA,peperonegiallo,sedanorapa,0,
VERDURA,peperonegiallo,rucola,0,
VERDURA,peperonegiallo,radicchio,0,
VERDURA,peperonegiallo,ravanello,0,
VERDURA,peperonegiallo,topinambur,0,
VERDURA,peperonegiallo,pomodorociliegino,0,
VERDURA,peperonegiallo,sedano,0,
VERDURA,peperonegiallo,timo,0,
VERDURA,peperonegiallo,pisello,0,
VERDURA,peperonegiallo,rosmarino,0,
VERDURA,peperonegiallo,salvia,0,
VERDURA,peperonegiallo,zucchina,0,
VERDURA,peperonegiallo,zucca,0,
VERDURA,peperonegiallo,scarola,0,
VERDURA,peperonegiallo,rapa,0,
VERDURA,peperonegiallo,pomodoro,0,
VERDURA,peperonegiallo,verza,0,
VERDURA,peperonegiallo,porro,0,
VERDURA,peperonegiallo,scalogno,0,
VERDURA,peperonegiallo,spinacio,0,
VERDURA,pomodoro,sedanorapa,0,
VERDURA,pomodoro,rucola,1,
VERDURA,pomodoro,radicchio,1,
VERDURA,pomodoro,ravanello,0,
VERDURA,pomodoro,topinambur,0,
VERDURA,pomodoro,pomodorociliegino,0,
VERDURA,pomodoro,sedano,1,
VERDURA,pomodoro,timo,0,
VERDURA,pomodoro,rosmarino,0,
VERDURA,pomodoro,salvia,0,
VERDURA,pomodoro,zucchina,0,
VERDURA,pomodoro,zucca,0,
VERDURA,pomodoro,scarola,0,
VERDURA,pomodoro,rapa,0,
VERDURA,pomodoro,verza,0,
VERDURA,pomodoro,porro,0,
VERDURA,pomodoro,scalogno,0,
VERDURA,pomodoro,spinacio,0,
VERDURA,verza,zucchina,1,
VERDURA,verza,zucca,1,
VERDURA,patatarossa,sedanorapa,0,
VERDURA,patatarossa,rucola,0,
VERDURA,patatarossa,radicchio,0,
VERDURA,patatarossa,peperone,0,
VERDURA,patatarossa,ravanello,0,
VERDURA,patatarossa,topinambur,0,
VERDURA,patatarossa,pomodorociliegino,0,
VERDURA,patatarossa,sedano,0,
VERDURA,patatarossa,timo,0,
VERDURA,patatarossa,pisello,0,
VERDURA,patatarossa,rosmarino,0,
VERDURA,patatarossa,salvia,0,
VERDURA,patatarossa,zucchina,0,
VERDURA,patatarossa,zucca,0,
VERDURA,patatarossa,scarola,0,
VERDURA,patatarossa,rapa,0,
VERDURA,patatarossa,peperonegiallo,0,
VERDURA,patatarossa,pomodoro,0,
VERDURA,patatarossa,verza,0,
VERDURA,patatarossa,porro,0,
VERDURA,patatarossa,scalogno,0,
VERDURA,patatarossa,spinacio,0,
VERDURA,porro,sedanorapa,0,
VERDURA,porro,rucola,0,
VERDURA,porro,radicchio,0,
VERDURA,porro,ravanello,0,
VERDURA,porro,topinambur,0,
VERDURA,porro,sedano,0,
VERDURA,porro,timo,0,
VERDURA,porro,rosmarino,0,
VERDURA,porro,salvia,0,
VERDURA,porro,zucchina,0,
VERDURA,porro,zucca,0,
VERDURA,porro,scarola,0,
VERDURA,porro,rapa,0,
VERDURA,porro,verza,1,
VERDURA,porro,scalogno,0,
VERDURA,porro,spinacio,0,
VERDURA,scalogno,sedanorapa,0,
VERDURA,scalogno,topinambur,0,
VERDURA,scalogno,sedano,0,
VERDURA,scalogno,timo,0,
VERDURA,scalogno,zucchina,0,
VERDURA,scalogno,zucca,0,
VERDURA,scalogno,scarola,0,
VERDURA,scalogno,verza,0,
VERDURA,scalogno,spinacio,0,
VERDURA,edamame,sedanorapa,0,
VERDURA,edamame,rucola,0,
VERDURA,edamame,radicchio,0,
VERDURA,edamame,peperone,0,
VERDURA,edamame,ravanello,0,
VERDURA,edamame,topinambur,0,
VERDURA,edamame,fava,0,
VERDURA,edamame,menta,0,
VERDURA,edamame,pomodorociliegino,0,
VERDURA,edamame,sedano,0,
VERDURA,edamame,timo,0,
VERDURA,edamame,pisello,0,
VERDURA,edamame,rosmarino,0,
VERDURA,edamame,salvia,0,
VERDURA,edamame,zucchina,0,
VERDURA,edamame,lenticchia,0,
VERDURA,edamame,lattuga,0,
VERDURA,edamame,zucca,0,
VERDURA,edamame,scarola,0,
VERDURA,edamame,finocchio,0,
VERDURA,edamame,rapa,0,
VERDURA,edamame,peperonegiallo,0,
VERDURA,edamame,pomodoro,0,
VERDURA,edamame,verza,0,
VERDURA,edamame,patatarossa,0,
VERDURA,edamame,porro,0,
VERDURA,edamame,scalogno,0,
VERDURA,edamame,spinacio,0,
VERDURA,edamame,patata,0,
VERDURA,edamame,indivia,0,
VERDURA,edamame,erbacipollina,0,
VERDURA,edamame,origano,0,
VERDURA,edamame,melanzana,0,
VERDURA,cavolonero,sedanorapa,0,
VERDURA,cavolonero,rucola,0,
VERDURA,cavolonero,cicoria,0,
VERDURA,cavolonero,cavoloriccio,0,
VERDURA,cavolonero,radicchio,0,
VERDURA,cavolonero,cipollarossa,0,
VERDURA,cavolonero,peperone,0,
VERDURA,cavolonero,cipollabianca,0,
VERDURA,cavolonero,cipollotto,0,
VERDURA,cavolonero,ravanello,0,
VERDURA,cavolonero,cetriolo,0,
VERDURA,cavolonero,topinambur,0,
VERDURA,cavolonero,cavolorapa,0,
VERDURA,cavolonero,fava,0,
VERDURA,cavolonero,menta,0,
VERDURA,cavolonero,pomodorociliegino,0,
VERDURA,cavolonero,sedano,0,
VERDURA,cavolonero,timo,0,
VERDURA,cavolonero,pisello,0,
VERDURA,cavolonero,rosmarino,0,
VERDURA,cavolonero,salvia,0,
VERDURA,cavolonero,zucchina,0,
VERDURA,cavolonero,lenticchia,0,
VERDURA,cavolonero,lattuga,0,
VERDURA,cavolonero,zucca,0,
VERDURA,cavolonero,cimedirapa,0,
VERDURA,cavolonero,scarola,0,
VERDURA,cavolonero,cavoloverza,0,
VERDURA,cavolonero,finocchio,0,
VERDURA,cavolonero,rapa,0,
VERDURA,cavolonero,cipolla,0,
VERDURA,cavolonero,peperonegiallo,0,
VERDURA,cavolonero,pomodoro,0,
VERDURA,cavolonero,verza,0,
VERDURA,cavolonero,patatarossa,0,
VERDURA,cavolonero,porro,0,
VERDURA,cavolonero,scalogno,0,
VERDURA,cavolonero,edamame,0,
VERDURA,cavolonero,spinacio,0,
VERDURA,cavolonero,patata,0,
VERDURA,cavolonero,indivia,0,
VERDURA,cavolonero,erbacipollina,0,
VERDURA,cavolonero,origano,0,
VERDURA,cavolonero,melanzana,0,
VERDURA,spinacio,topinambur,0,
VERDURA,spinacio,timo,0,
VERDURA,spinacio,zucchina,0,
VERDURA,spinacio,zucca,0,
VERDURA,spinacio,verza,0,
VERDURA,patata,sedanorapa,0,
VERDURA,patata,rucola,0,
VERDURA,patata,radicchio,0,
VERDURA,patata,peperone,0,
VERDURA,patata,ravanello,0,
VERDURA,patata,topinambur,0,
VERDURA,patata,pomodorociliegino,0,
VERDURA,patata,sedano,0,
VERDURA,patata,timo,0,
VERDURA,patata,pisello,0,
VERDURA,patata,rosmarino,0,
VERDURA,patata,salvia,0,
VERDURA,patata,zucchina,0,
VERDURA,patata,zucca,0,
VERDURA,patata,scarola,0,
VERDURA,patata,rapa,0,
VERDURA,patata,peperonegiallo,0,
VERDURA,patata,pomodoro,0,
VERDURA,patata,verza,0,
VERDURA,patata,patatarossa,0,
VERDURA,patata,porro,0,
VERDURA,patata,scalogno,0,
VERDURA,patata,spinacio,0,
VERDURA,indivia,sedanorapa,0,
VERDURA,indivia,rucola,0,
VERDURA,indivia,radicchio,1,
VERDURA,indivia,peperone,0,
VERDURA,indivia,ravanello,0,
VERDURA,indivia,topinambur,0,
VERDURA,indivia,menta,0,
VERDURA,indivia,pomodorociliegino,0,
VERDURA,indivia,sedano,0,
VERDURA,indivia,timo,0,
VERDURA,indivia,pisello,0,
VERDURA,indivia,rosmarino,0,
VERDURA,indivia,salvia,0,
VERDURA,indivia,zucchina,0,
VERDURA,indivia,lenticchia,0,
VERDURA,indivia,lattuga,1,
VERDURA,indivia,zucca,0,
VERDURA,indivia,scarola,0,
VERDURA,indivia,rapa,1,
VERDURA,indivia,peperonegiallo,0,
VERDURA,indivia,pomodoro,0,
VERDURA,indivia,verza,0,
VERDURA,indivia,patatarossa,0,
VERDURA,indivia,porro,0,
VERDURA,indivia,scalogno,0,
VERDURA,indivia,spinacio,0,
VERDURA,indivia,patata,0,
VERDURA,indivia,origano,0,
VERDURA,indivia,melanzana,0,
VERDURA,erbacipollina,sedanorapa,0,
VERDURA,erbacipollina,rucola,0,
VERDURA,erbacipollina,radicchio,0,
VERDURA,erbacipollina,peperone,0,
VERDURA,erbacipollina,ravanello,0,
VERDURA,erbacipollina,topinambur,0,
VERDURA,erbacipollina,fava,0,
VERDURA,erbacipollina,menta,0,
VERDURA,erbacipollina,pomodorociliegino,0,
VERDURA,erbacipollina,sedano,0,
VERDURA,erbacipollina,timo,0,
VERDURA,erbacipollina,pisello,0,
VERDURA,erbacipollina,rosmarino,0,
VERDURA,erbacipollina,salvia,0,
VERDURA,erbacipollina,zucchina,0,
VERDURA,erbacipollina,lenticchia,0,
VERDURA,erbacipollina,lattuga,0,
VERDURA,erbacipollina,zucca,0,
VERDURA,erbacipollina,scarola,0,
VERDURA,erbacipollina,finocchio,0,
VERDURA,erbacipollina,rapa,0,
VERDURA,erbacipollina,peperonegiallo,0,
VERDURA,erbacipollina,pomodoro,0,
VERDURA,erbacipollina,verza,0,
VERDURA,erbacipollina,patatarossa,0,
VERDURA,erbacipollina,porro,0,
VERDURA,erbacipollina,scalogno,0,
VERDURA,erbacipollina,spinacio,0,
VERDURA,erbacipollina,patata,0,
VERDURA,erbacipollina,indivia,0,
VERDURA,erbacipollina,origano,0,
VERDURA,erbacipollina,melanzana,0,
VERDURA,origano,sedanorapa,0,
VERDURA,origano,rucola,0,
VERDURA,origano,radicchio,0,
VERDURA,origano,peperone,0,
VERDURA,origano,ravanello,0,
VERDURA,origano,topinambur,0,
VERDURA,origano,pomodorociliegino,0,
VERDURA,origano,sedano,0,
VERDURA,origano,timo,0,
VERDURA,origano,pisello,0,
VERDURA,origano,rosmarino,0,
VERDURA,origano,salvia,0,
VERDURA,origano,zucchina,0,
VERDURA,origano,zucca,0,
VERDURA,origano,scarola,0,
VERDURA,origano,rapa,0,
VERDURA,origano,peperonegiallo,0,
VERDURA,origano,pomodoro,0,
VERDURA,origano,verza,0,
VERDURA,origano,patatarossa,0,
VERDURA,origano,porro,0,
VERDURA,origano,scalogno,0,
VERDURA,origano,spinacio,0,
VERDURA,origano,patata,0,
VERDURA,cavolfioreverde,sedanorapa,0,
VERDURA,cavolfioreverde,rucola,0,
VERDURA,cavolfioreverde,cicoria,1,
VERDURA,cavolfioreverde,cavoloriccio,0,
VERDURA,cavolfioreverde,radicchio,0,
VERDURA,cavolfioreverde,cipollarossa,0,
VERDURA,cavolfioreverde,peperone,0,
VERDURA,cavolfioreverde,cipollabianca,0,
VERDURA,cavolfioreverde,cipollotto,0,
VERDURA,cavolfioreverde,ravanello,0,
VERDURA,cavolfioreverde,cetriolo,0,
VERDURA,cavolfioreverde,cavolocappuccio,0,
VERDURA,cavolfioreverde,topinambur,0,
VERDURA,cavolfioreverde,cavolorapa,0,
VERDURA,cavolfioreverde,fava,0,
VERDURA,cavolfioreverde,menta,0,
VERDURA,cavolfioreverde,pomodorociliegino,0,
VERDURA,cavolfioreverde,cavolo,0,
VERDURA,cavolfioreverde,sedano,0,
VERDURA,cavolfioreverde,timo,0,
VERDURA,cavolfioreverde,pisello,0,
VERDURA,cavolfioreverde,rosmarino,0,
VERDURA,cavolfioreverde,salvia,0,
VERDURA,cavolfioreverde,zucchina,0,
VERDURA,cavolfioreverde,lenticchia,0,
VERDURA,cavolfioreverde,lattuga,0,
VERDURA,cavolfioreverde,zucca,0,
VERDURA,cavolfioreverde,cimedirapa,0,
VERDURA,cavolfioreverde,scarola,0,
VERDURA,cavolfioreverde,cavoloverza,0,
VERDURA,cavolfioreverde,finocchio,0,
VERDURA,cavolfioreverde,rapa,0,
VERDURA,cavolfioreverde,cipolla,0,
VERDURA,cavolfioreverde,peperonegiallo,0,
VERDURA,cavolfioreverde,pomodoro,0,
VERDURA,cavolfioreverde,verza,0,
VERDURA,cavolfioreverde,patatarossa,0,
VERDURA,cavolfioreverde,porro,0,
VERDURA,cavolfioreverde,scalogno,0,
VERDURA,cavolfioreverde,edamame,0,
VERDURA,cavolfioreverde,cavolonero,0,
VERDURA,cavolfioreverde,spinacio,0,
VERDURA,cavolfioreverde,patata,0,
VERDURA,cavolfioreverde,indivia,0,
VERDURA,cavolfioreverde,erbacipollina,0,
VERDURA,cavolfioreverde,origano,0,
VERDURA,cavolfioreverde,melanzana,0,
VERDURA,melanzana,sedanorapa,0,
VERDURA,melanzana,rucola,1,
VERDURA,melanzana,radicchio,0,
VERDURA,melanzana,peperone,1,
VERDURA,melanzana,ravanello,0,
VERDURA,melanzana,topinambur,0,
VERDURA,melanzana,menta,0,
VERDURA,melanzana,pomodorociliegino,0,
VERDURA,melanzana,sedano,1,
VERDURA,melanzana,timo,0,
VERDURA,melanzana,pisello,0,
VERDURA,melanzana,rosmarino,0,
VERDURA,melanzana,salvia,0,
VERDURA,melanzana,zucchina,1,
VERDURA,melanzana,zucca,0,
VERDURA,melanzana,scarola,0,
VERDURA,melanzana,rapa,0,
VERDURA,melanzana,peperonegiallo,0,
VERDURA,melanzana,pomodoro,1,
VERDURA,melanzana,verza,1,
VERDURA,melanzana,patatarossa,0,
VERDURA,melanzana,porro,0,
VERDURA,melanzana,scalogno,0,
VERDURA,melanzana,spinacio,0,
VERDURA,melanzana,patata,0,
VERDURA,melanzana,origano,0,
